id,code,name,group_id/id,user_type_id/id,chart_template_id/id,reconcile,currency_id/id
account_account_sbk_prea_abu_dhabi_0,100002,Cash On Hand,__export__.account_group_142_7adca311,account.data_account_type_liquidity,account_arabic_coa_sbk_prea_abu_dhabi,FALSE,
account_account_sbk_prea_abu_dhabi_1,100054,DIB - RI - Rental Income Acct,sbk_group.account_group_sub1_17,account.data_account_type_current_assets,account_arabic_coa_sbk_prea_abu_dhabi,FALSE,
account_account_sbk_prea_abu_dhabi_2,100059,DIB - TSD Acct,sbk_group.account_group_sub1_17,account.data_account_type_current_assets,account_arabic_coa_sbk_prea_abu_dhabi,FALSE,
account_account_sbk_prea_abu_dhabi_3,100062,DIB - Maintnance Acct-520,sbk_group.account_group_sub1_17,account.data_account_type_current_assets,account_arabic_coa_sbk_prea_abu_dhabi,FALSE,
account_account_sbk_prea_abu_dhabi_4,100063,DIB - M - CDs- 580,sbk_group.account_group_sub1_17,account.data_account_type_current_assets,account_arabic_coa_sbk_prea_abu_dhabi,FALSE,
account_account_sbk_prea_abu_dhabi_5,100065,DIB -Other Income Acct,sbk_group.account_group_sub1_17,account.data_account_type_current_assets,account_arabic_coa_sbk_prea_abu_dhabi,FALSE,
account_account_sbk_prea_abu_dhabi_6,100069,DIB -Other Income Acct,sbk_group.account_group_sub1_17,account.data_account_type_current_assets,account_arabic_coa_sbk_prea_abu_dhabi,FALSE,
account_account_sbk_prea_abu_dhabi_7,100072,Dubai Islamic Bank Main a/c,sbk_group.account_group_sub3_14,account.data_account_type_liquidity,account_arabic_coa_sbk_prea_abu_dhabi,FALSE,
account_account_sbk_prea_abu_dhabi_8,100073,Dubai Islamic Bank Main a/c-1,sbk_group.account_group_sub3_14,account.data_account_type_liquidity,account_arabic_coa_sbk_prea_abu_dhabi,FALSE,
account_account_sbk_prea_abu_dhabi_9,102201,Property Project Work In Progress,sbk_group.account_group_main_1,account.data_account_type_fixed_assets,account_arabic_coa_sbk_prea_abu_dhabi,FALSE,
account_account_sbk_prea_abu_dhabi_10,102901,Tenant Receivables,sbk_group.account_group_sub2_14,account.data_account_type_receivable,account_arabic_coa_sbk_prea_abu_dhabi,TRUE,
account_account_sbk_prea_abu_dhabi_11,104300,Post Dated Cheque,sbk_group.account_group_sub1_17,account.data_account_type_current_assets,account_arabic_coa_sbk_prea_abu_dhabi,FALSE,
account_account_sbk_prea_abu_dhabi_12,104301,PDC - Bank,sbk_group.account_group_sub1_17,account.data_account_type_current_assets,account_arabic_coa_sbk_prea_abu_dhabi,FALSE,
account_account_sbk_prea_abu_dhabi_13,104303,Post Dated Cheque-2,sbk_group.account_group_sub1_17,account.data_account_type_current_assets,account_arabic_coa_sbk_prea_abu_dhabi,FALSE,
account_account_sbk_prea_abu_dhabi_14,107801,Advance Deposits - Rent,sbk_group.account_group_sub1_17,account.data_account_type_current_assets,account_arabic_coa_sbk_prea_abu_dhabi,FALSE,
account_account_sbk_prea_abu_dhabi_15,108500,Employees Advance Payment,sbk_group.account_group_sub1_17,account.data_account_type_current_assets,account_arabic_coa_sbk_prea_abu_dhabi,FALSE,
account_account_sbk_prea_abu_dhabi_16,108501,Vendor Advances,sbk_group.account_group_sub1_17,account.data_account_type_current_assets,account_arabic_coa_sbk_prea_abu_dhabi,FALSE,
account_account_sbk_prea_abu_dhabi_17,108502,Employee Advance - EOSB,sbk_group.account_group_sub1_17,account.data_account_type_current_assets,account_arabic_coa_sbk_prea_abu_dhabi,FALSE,
account_account_sbk_prea_abu_dhabi_18,118400,Cheque Under Collection,sbk_group.account_group_sub1_17,account.data_account_type_current_assets,account_arabic_coa_sbk_prea_abu_dhabi,FALSE,
account_account_sbk_prea_abu_dhabi_19,118404,Related Party Receivable,sbk_group.account_group_sub1_17,account.data_account_type_current_assets,account_arabic_coa_sbk_prea_abu_dhabi,FALSE,
account_account_sbk_prea_abu_dhabi_20,118405,Petty Cash,__export__.account_group_142_7adca311,account.data_account_type_liquidity,account_arabic_coa_sbk_prea_abu_dhabi,FALSE,
account_account_sbk_prea_abu_dhabi_21,118445,Inventory-Plumbing  ,sbk_group.account_group_sub1_17,account.data_account_type_current_assets,account_arabic_coa_sbk_prea_abu_dhabi,FALSE,
account_account_sbk_prea_abu_dhabi_22,118446,Inventory-ElecMech  ,sbk_group.account_group_sub1_17,account.data_account_type_current_assets,account_arabic_coa_sbk_prea_abu_dhabi,FALSE,
account_account_sbk_prea_abu_dhabi_23,118447,Inventory-Carpentry  ,sbk_group.account_group_sub1_17,account.data_account_type_current_assets,account_arabic_coa_sbk_prea_abu_dhabi,FALSE,
account_account_sbk_prea_abu_dhabi_24,118448,Inventory-Painting  ,sbk_group.account_group_sub1_17,account.data_account_type_current_assets,account_arabic_coa_sbk_prea_abu_dhabi,FALSE,
account_account_sbk_prea_abu_dhabi_25,118449,Inventory-Cleaning  ,sbk_group.account_group_sub1_17,account.data_account_type_current_assets,account_arabic_coa_sbk_prea_abu_dhabi,FALSE,
account_account_sbk_prea_abu_dhabi_26,118450,Inventory-A/C,sbk_group.account_group_sub1_17,account.data_account_type_current_assets,account_arabic_coa_sbk_prea_abu_dhabi,FALSE,
account_account_sbk_prea_abu_dhabi_27,118500,Store Suspense Miscell Account,sbk_group.account_group_sub1_17,account.data_account_type_current_assets,account_arabic_coa_sbk_prea_abu_dhabi,FALSE,
account_account_sbk_prea_abu_dhabi_28,128403,Fixed Assets-Vehicle,sbk_group.account_group_main_1,account.data_account_type_fixed_assets,account_arabic_coa_sbk_prea_abu_dhabi,FALSE,
account_account_sbk_prea_abu_dhabi_29,128405,Fixed Assets-Own Un-Rented Property,sbk_group.account_group_main_1,account.data_account_type_fixed_assets,account_arabic_coa_sbk_prea_abu_dhabi,FALSE,
account_account_sbk_prea_abu_dhabi_30,VATPROV,VAT Provision Account,sbk_group.account_group_sub1_17,account.data_account_type_current_assets,account_arabic_coa_sbk_prea_abu_dhabi,FALSE,
account_account_sbk_prea_abu_dhabi_31,200001,Building Loans,sbk_group.account_group_sub1_22,account.data_account_type_non_current_liabilities,account_arabic_coa_sbk_prea_abu_dhabi,FALSE,
account_account_sbk_prea_abu_dhabi_32,201001,Due To Affailiate,sbk_group.account_group_sub1_23,account.data_account_type_current_liabilities,account_arabic_coa_sbk_prea_abu_dhabi,FALSE,
account_account_sbk_prea_abu_dhabi_33,201002,Due To Affailiate,sbk_group.account_group_sub1_23,account.data_account_type_current_liabilities,account_arabic_coa_sbk_prea_abu_dhabi,FALSE,
account_account_sbk_prea_abu_dhabi_34,202000,Tenant Payable Account,sbk_group.account_group_sub2_21,account.data_account_type_payable,account_arabic_coa_sbk_prea_abu_dhabi,TRUE,
account_account_sbk_prea_abu_dhabi_35,202001,Unearned Rental Revenue,sbk_group.account_group_sub1_23,account.data_account_type_current_liabilities,account_arabic_coa_sbk_prea_abu_dhabi,FALSE,
account_account_sbk_prea_abu_dhabi_36,202004,Tenant Security Deposit,sbk_group.account_group_sub1_23,account.data_account_type_current_liabilities,account_arabic_coa_sbk_prea_abu_dhabi,FALSE,
account_account_sbk_prea_abu_dhabi_37,203301,Supplier Payable,sbk_group.account_group_sub2_20,account.data_account_type_payable,account_arabic_coa_sbk_prea_abu_dhabi,TRUE,
account_account_sbk_prea_abu_dhabi_38,203302,Wages Payable,sbk_group.account_group_sub1_23,account.data_account_type_current_liabilities,account_arabic_coa_sbk_prea_abu_dhabi,FALSE,
account_account_sbk_prea_abu_dhabi_39,203305,Payment Order - Opdc,sbk_group.account_group_sub1_23,account.data_account_type_current_liabilities,account_arabic_coa_sbk_prea_abu_dhabi,FALSE,
account_account_sbk_prea_abu_dhabi_40,205197,Project Retention Payable,sbk_group.account_group_sub1_23,account.data_account_type_current_liabilities,account_arabic_coa_sbk_prea_abu_dhabi,FALSE,
account_account_sbk_prea_abu_dhabi_41,205198,Project Retention,sbk_group.account_group_sub1_23,account.data_account_type_current_liabilities,account_arabic_coa_sbk_prea_abu_dhabi,FALSE,
account_account_sbk_prea_abu_dhabi_42,210797,Accrued Expenses,sbk_group.account_group_sub1_23,account.data_account_type_current_liabilities,account_arabic_coa_sbk_prea_abu_dhabi,FALSE,
account_account_sbk_prea_abu_dhabi_43,210812,Released Check (Handed),sbk_group.account_group_sub1_23,account.data_account_type_current_liabilities,account_arabic_coa_sbk_prea_abu_dhabi,FALSE,
account_account_sbk_prea_abu_dhabi_44,210814,Related Party Payable,sbk_group.account_group_sub1_23,account.data_account_type_current_liabilities,account_arabic_coa_sbk_prea_abu_dhabi,FALSE,
account_account_sbk_prea_abu_dhabi_45,210815,Suspense Miscellaneous Payable Account,sbk_group.account_group_sub1_23,account.data_account_type_current_liabilities,account_arabic_coa_sbk_prea_abu_dhabi,FALSE,
account_account_sbk_prea_abu_dhabi_46,220801,Prov. For Dep. - Vehicle,sbk_group.account_group_sub1_23,account.data_account_type_current_liabilities,account_arabic_coa_sbk_prea_abu_dhabi,FALSE,
account_account_sbk_prea_abu_dhabi_47,230100,A/P Owner Share,sbk_group.account_group_sub1_23,account.data_account_type_current_liabilities,account_arabic_coa_sbk_prea_abu_dhabi,FALSE,
account_account_sbk_prea_abu_dhabi_48,231000,A/P Maintenance Share,sbk_group.account_group_sub1_23,account.data_account_type_current_liabilities,account_arabic_coa_sbk_prea_abu_dhabi,FALSE,
account_account_sbk_prea_abu_dhabi_49,VATPAY,Net VAT Payable,sbk_group.account_group_sub1_23,account.data_account_type_current_liabilities,account_arabic_coa_sbk_prea_abu_dhabi,FALSE,
account_account_sbk_prea_abu_dhabi_50,300000,Equities,sbk_group.account_group_main_6,account.data_account_type_equity,account_arabic_coa_sbk_prea_abu_dhabi,FALSE,
account_account_sbk_prea_abu_dhabi_51,300003,Current Year Profit / Loss,,account.data_unaffected_earnings,account_arabic_coa_sbk_prea_abu_dhabi,FALSE,
account_account_sbk_prea_abu_dhabi_52,300006,Net Owner share,sbk_group.account_group_main_6,account.data_account_type_equity,account_arabic_coa_sbk_prea_abu_dhabi,FALSE,
account_account_sbk_prea_abu_dhabi_53,401001, Income From Rented Properties,sbk_group.account_group_sub1_36,account.data_account_type_other_income,account_arabic_coa_sbk_prea_abu_dhabi,FALSE,
account_account_sbk_prea_abu_dhabi_54,401002,Maintenance Share,sbk_group.account_group_sub1_36,account.data_account_type_other_income,account_arabic_coa_sbk_prea_abu_dhabi,FALSE,
account_account_sbk_prea_abu_dhabi_55,401003,Interest Income - Owner,sbk_group.account_group_sub1_36,account.data_account_type_other_income,account_arabic_coa_sbk_prea_abu_dhabi,FALSE,
account_account_sbk_prea_abu_dhabi_56,401005,Tenant Rental Income,sbk_group.account_group_sub1_36,account.data_account_type_other_income,account_arabic_coa_sbk_prea_abu_dhabi,FALSE,
account_account_sbk_prea_abu_dhabi_57,401006,Tenant Check-Out Fees,sbk_group.account_group_sub1_36,account.data_account_type_other_income,account_arabic_coa_sbk_prea_abu_dhabi,FALSE,
account_account_sbk_prea_abu_dhabi_58,401007,Tenant Chiller Service Charge Income,sbk_group.account_group_sub1_36,account.data_account_type_other_income,account_arabic_coa_sbk_prea_abu_dhabi,FALSE,
account_account_sbk_prea_abu_dhabi_59,401008,Tenant Legal Provision Revenue,sbk_group.account_group_sub1_36,account.data_account_type_other_income,account_arabic_coa_sbk_prea_abu_dhabi,FALSE,
account_account_sbk_prea_abu_dhabi_60,401009,Tenant Charge for Renewal less 12 Month,sbk_group.account_group_sub1_36,account.data_account_type_other_income,account_arabic_coa_sbk_prea_abu_dhabi,FALSE,
account_account_sbk_prea_abu_dhabi_61,401010,Tenant Contract Fee,sbk_group.account_group_sub1_36,account.data_account_type_other_income,account_arabic_coa_sbk_prea_abu_dhabi,FALSE,
account_account_sbk_prea_abu_dhabi_62,401011,Tenant PDC Charge,sbk_group.account_group_sub1_36,account.data_account_type_other_income,account_arabic_coa_sbk_prea_abu_dhabi,FALSE,
account_account_sbk_prea_abu_dhabi_63,401012,Tenant Bounced Cheque Charge,sbk_group.account_group_sub1_36,account.data_account_type_other_income,account_arabic_coa_sbk_prea_abu_dhabi,FALSE,
account_account_sbk_prea_abu_dhabi_64,401014,Tenant Maintenance Charge,sbk_group.account_group_sub1_36,account.data_account_type_other_income,account_arabic_coa_sbk_prea_abu_dhabi,FALSE,
account_account_sbk_prea_abu_dhabi_65,401015,Tenant Other Charge,sbk_group.account_group_sub1_36,account.data_account_type_other_income,account_arabic_coa_sbk_prea_abu_dhabi,FALSE,
account_account_sbk_prea_abu_dhabi_66,401400, Income From Lease To Own,sbk_group.account_group_sub1_36,account.data_account_type_other_income,account_arabic_coa_sbk_prea_abu_dhabi,FALSE,
account_account_sbk_prea_abu_dhabi_67,401401,Lease To Own Income,sbk_group.account_group_sub1_36,account.data_account_type_other_income,account_arabic_coa_sbk_prea_abu_dhabi,FALSE,
account_account_sbk_prea_abu_dhabi_68,401404,Lease To Own Penalty Charge,sbk_group.account_group_sub1_36,account.data_account_type_other_income,account_arabic_coa_sbk_prea_abu_dhabi,FALSE,
account_account_sbk_prea_abu_dhabi_69,401405,Lease To Own Bounced Cheque Charge,sbk_group.account_group_sub1_36,account.data_account_type_other_income,account_arabic_coa_sbk_prea_abu_dhabi,FALSE,
account_account_sbk_prea_abu_dhabi_70,401407,Lease To Own Other Charge,sbk_group.account_group_sub1_36,account.data_account_type_other_income,account_arabic_coa_sbk_prea_abu_dhabi,FALSE,
account_account_sbk_prea_abu_dhabi_71,401700,Income From Sale Of Investments,sbk_group.account_group_sub1_36,account.data_account_type_other_income,account_arabic_coa_sbk_prea_abu_dhabi,FALSE,
account_account_sbk_prea_abu_dhabi_72,401702,Sale Check-Out Fees,sbk_group.account_group_sub1_36,account.data_account_type_other_income,account_arabic_coa_sbk_prea_abu_dhabi,FALSE,
account_account_sbk_prea_abu_dhabi_73,401704,Sale Penalty Charge,sbk_group.account_group_sub1_36,account.data_account_type_other_income,account_arabic_coa_sbk_prea_abu_dhabi,FALSE,
account_account_sbk_prea_abu_dhabi_74,401705,Sale Contract Fee,sbk_group.account_group_sub1_36,account.data_account_type_other_income,account_arabic_coa_sbk_prea_abu_dhabi,FALSE,
account_account_sbk_prea_abu_dhabi_75,401709,Sale Other Charge,sbk_group.account_group_sub1_36,account.data_account_type_other_income,account_arabic_coa_sbk_prea_abu_dhabi,FALSE,
account_account_sbk_prea_abu_dhabi_76,401801,Store Sales Revenue Account,sbk_group.account_group_main_7,account.data_account_type_revenue,account_arabic_coa_sbk_prea_abu_dhabi,FALSE,
account_account_sbk_prea_abu_dhabi_77,402100,Othe Investment Income,sbk_group.account_group_sub1_36,account.data_account_type_other_income,account_arabic_coa_sbk_prea_abu_dhabi,FALSE,
account_account_sbk_prea_abu_dhabi_78,402102,Gain/Loss On Revaluation- Inv Prop,sbk_group.account_group_sub1_36,account.data_account_type_other_income,account_arabic_coa_sbk_prea_abu_dhabi,FALSE,
account_account_sbk_prea_abu_dhabi_79,402104,Gain From Sale Of Assets,sbk_group.account_group_sub1_36,account.data_account_type_other_income,account_arabic_coa_sbk_prea_abu_dhabi,FALSE,
account_account_sbk_prea_abu_dhabi_80,421703,Miscellaneous Income,sbk_group.account_group_sub1_36,account.data_account_type_other_income,account_arabic_coa_sbk_prea_abu_dhabi,FALSE,
account_account_sbk_prea_abu_dhabi_81,600001,Sttaf Cost,sbk_group.account_group_main_8,account.data_account_type_expenses,account_arabic_coa_sbk_prea_abu_dhabi,FALSE,
account_account_sbk_prea_abu_dhabi_82,600002,Salaries Expenses,sbk_group.account_group_main_8,account.data_account_type_expenses,account_arabic_coa_sbk_prea_abu_dhabi,FALSE,
account_account_sbk_prea_abu_dhabi_83,600003,Salaries vacation,sbk_group.account_group_main_8,account.data_account_type_expenses,account_arabic_coa_sbk_prea_abu_dhabi,FALSE,
account_account_sbk_prea_abu_dhabi_84,600004,Allowances - Cost Of Living,sbk_group.account_group_main_8,account.data_account_type_expenses,account_arabic_coa_sbk_prea_abu_dhabi,FALSE,
account_account_sbk_prea_abu_dhabi_85,600005,Notice Pay/ Salary Arrears,sbk_group.account_group_main_8,account.data_account_type_expenses,account_arabic_coa_sbk_prea_abu_dhabi,FALSE,
account_account_sbk_prea_abu_dhabi_86,600006,Allowances - Parking & Pertol,sbk_group.account_group_main_8,account.data_account_type_expenses,account_arabic_coa_sbk_prea_abu_dhabi,FALSE,
account_account_sbk_prea_abu_dhabi_87,600007,Allowances - Special,sbk_group.account_group_main_8,account.data_account_type_expenses,account_arabic_coa_sbk_prea_abu_dhabi,FALSE,
account_account_sbk_prea_abu_dhabi_88,600008,Allowances-Education Subsidy,sbk_group.account_group_main_8,account.data_account_type_expenses,account_arabic_coa_sbk_prea_abu_dhabi,FALSE,
account_account_sbk_prea_abu_dhabi_89,600009,Staff Overtime,sbk_group.account_group_main_8,account.data_account_type_expenses,account_arabic_coa_sbk_prea_abu_dhabi,FALSE,
account_account_sbk_prea_abu_dhabi_90,600011,Allowances - Food,sbk_group.account_group_main_8,account.data_account_type_expenses,account_arabic_coa_sbk_prea_abu_dhabi,FALSE,
account_account_sbk_prea_abu_dhabi_91,600012,Insurance Medical,sbk_group.account_group_main_8,account.data_account_type_expenses,account_arabic_coa_sbk_prea_abu_dhabi,FALSE,
account_account_sbk_prea_abu_dhabi_92,600013,Insurance,sbk_group.account_group_main_8,account.data_account_type_expenses,account_arabic_coa_sbk_prea_abu_dhabi,FALSE,
account_account_sbk_prea_abu_dhabi_93,600015,Visa And Other Charges,sbk_group.account_group_main_8,account.data_account_type_expenses,account_arabic_coa_sbk_prea_abu_dhabi,FALSE,
account_account_sbk_prea_abu_dhabi_94,600016,Sttaf Bonus / Incentive Scheme,sbk_group.account_group_main_8,account.data_account_type_expenses,account_arabic_coa_sbk_prea_abu_dhabi,FALSE,
account_account_sbk_prea_abu_dhabi_95,600018,Staff Gratuity,sbk_group.account_group_main_8,account.data_account_type_expenses,account_arabic_coa_sbk_prea_abu_dhabi,FALSE,
account_account_sbk_prea_abu_dhabi_96,600022,Training Expense - Internal,sbk_group.account_group_main_8,account.data_account_type_expenses,account_arabic_coa_sbk_prea_abu_dhabi,FALSE,
account_account_sbk_prea_abu_dhabi_97,600023,Training Expense - External,sbk_group.account_group_main_8,account.data_account_type_expenses,account_arabic_coa_sbk_prea_abu_dhabi,FALSE,
account_account_sbk_prea_abu_dhabi_98,600025,Allow - tele,sbk_group.account_group_main_8,account.data_account_type_expenses,account_arabic_coa_sbk_prea_abu_dhabi,FALSE,
account_account_sbk_prea_abu_dhabi_99,601200,Upgrading Expeses,sbk_group.account_group_main_8,account.data_account_type_expenses,account_arabic_coa_sbk_prea_abu_dhabi,FALSE,
account_account_sbk_prea_abu_dhabi_100,601500,A/P Owner Share-Exp,sbk_group.account_group_main_8,account.data_account_type_expenses,account_arabic_coa_sbk_prea_abu_dhabi,FALSE,
account_account_sbk_prea_abu_dhabi_101,601605,Property Registration Charge,sbk_group.account_group_main_8,account.data_account_type_expenses,account_arabic_coa_sbk_prea_abu_dhabi,FALSE,
account_account_sbk_prea_abu_dhabi_102,601800,VAT (Value Added Tax),sbk_group.account_group_main_8,account.data_account_type_expenses,account_arabic_coa_sbk_prea_abu_dhabi,FALSE,
account_account_sbk_prea_abu_dhabi_103,603300,Discount,sbk_group.account_group_main_8,account.data_account_type_expenses,account_arabic_coa_sbk_prea_abu_dhabi,FALSE,
account_account_sbk_prea_abu_dhabi_104,603301,Tenant Discount,sbk_group.account_group_main_8,account.data_account_type_expenses,account_arabic_coa_sbk_prea_abu_dhabi,FALSE,
account_account_sbk_prea_abu_dhabi_105,606400,Premises Expenses,sbk_group.account_group_main_8,account.data_account_type_expenses,account_arabic_coa_sbk_prea_abu_dhabi,FALSE,
account_account_sbk_prea_abu_dhabi_106,606402,Utility Expense - Electricity Connection,sbk_group.account_group_main_8,account.data_account_type_expenses,account_arabic_coa_sbk_prea_abu_dhabi,FALSE,
account_account_sbk_prea_abu_dhabi_107,606403,Utility Expense - Electricity & Water,sbk_group.account_group_main_8,account.data_account_type_expenses,account_arabic_coa_sbk_prea_abu_dhabi,FALSE,
account_account_sbk_prea_abu_dhabi_108,607000,Repair & Maintenance,sbk_group.account_group_main_8,account.data_account_type_expenses,account_arabic_coa_sbk_prea_abu_dhabi,FALSE,
account_account_sbk_prea_abu_dhabi_109,607001,Facility Management Fee,sbk_group.account_group_main_8,account.data_account_type_expenses,account_arabic_coa_sbk_prea_abu_dhabi,FALSE,
account_account_sbk_prea_abu_dhabi_110,607002,R & M - Carpentry,sbk_group.account_group_main_8,account.data_account_type_expenses,account_arabic_coa_sbk_prea_abu_dhabi,FALSE,
account_account_sbk_prea_abu_dhabi_111,607003,R & M - Electrical,sbk_group.account_group_main_8,account.data_account_type_expenses,account_arabic_coa_sbk_prea_abu_dhabi,FALSE,
account_account_sbk_prea_abu_dhabi_112,607004,R & M - Metal Works,sbk_group.account_group_main_8,account.data_account_type_expenses,account_arabic_coa_sbk_prea_abu_dhabi,FALSE,
account_account_sbk_prea_abu_dhabi_113,607005,R & M - Painting,sbk_group.account_group_main_8,account.data_account_type_expenses,account_arabic_coa_sbk_prea_abu_dhabi,FALSE,
account_account_sbk_prea_abu_dhabi_114,607006,R & M - Plumbing,sbk_group.account_group_main_8,account.data_account_type_expenses,account_arabic_coa_sbk_prea_abu_dhabi,FALSE,
account_account_sbk_prea_abu_dhabi_115,607007,R & M - Tiles,sbk_group.account_group_main_8,account.data_account_type_expenses,account_arabic_coa_sbk_prea_abu_dhabi,FALSE,
account_account_sbk_prea_abu_dhabi_116,607008,R & M - Swimming pool,sbk_group.account_group_main_8,account.data_account_type_expenses,account_arabic_coa_sbk_prea_abu_dhabi,FALSE,
account_account_sbk_prea_abu_dhabi_117,607009,R & M - Sawna & Jacozy,sbk_group.account_group_main_8,account.data_account_type_expenses,account_arabic_coa_sbk_prea_abu_dhabi,FALSE,
account_account_sbk_prea_abu_dhabi_118,607010,R & M  - Landscaping,sbk_group.account_group_main_8,account.data_account_type_expenses,account_arabic_coa_sbk_prea_abu_dhabi,FALSE,
account_account_sbk_prea_abu_dhabi_119,607011,R & M - Elevator,sbk_group.account_group_main_8,account.data_account_type_expenses,account_arabic_coa_sbk_prea_abu_dhabi,FALSE,
account_account_sbk_prea_abu_dhabi_120,607012,R & M- ElectroMechanical Exp,sbk_group.account_group_main_8,account.data_account_type_expenses,account_arabic_coa_sbk_prea_abu_dhabi,FALSE,
account_account_sbk_prea_abu_dhabi_121,607013,R & M- Cleanig Exp,sbk_group.account_group_main_8,account.data_account_type_expenses,account_arabic_coa_sbk_prea_abu_dhabi,FALSE,
account_account_sbk_prea_abu_dhabi_122,607014,R & M -Central LPG Exp,sbk_group.account_group_main_8,account.data_account_type_expenses,account_arabic_coa_sbk_prea_abu_dhabi,FALSE,
account_account_sbk_prea_abu_dhabi_123,607015,"R & M-Glass,Aluminum,Crystal Exp",sbk_group.account_group_main_8,account.data_account_type_expenses,account_arabic_coa_sbk_prea_abu_dhabi,FALSE,
account_account_sbk_prea_abu_dhabi_124,607016,R & M-Satelites Exp,sbk_group.account_group_main_8,account.data_account_type_expenses,account_arabic_coa_sbk_prea_abu_dhabi,FALSE,
account_account_sbk_prea_abu_dhabi_125,607017,R & M -Gates Exp,sbk_group.account_group_main_8,account.data_account_type_expenses,account_arabic_coa_sbk_prea_abu_dhabi,FALSE,
account_account_sbk_prea_abu_dhabi_126,607018,R & M-Water & Electricity Exp,sbk_group.account_group_main_8,account.data_account_type_expenses,account_arabic_coa_sbk_prea_abu_dhabi,FALSE,
account_account_sbk_prea_abu_dhabi_127,607019,R & M -Civil Exp,sbk_group.account_group_main_8,account.data_account_type_expenses,account_arabic_coa_sbk_prea_abu_dhabi,FALSE,
account_account_sbk_prea_abu_dhabi_128,607020,R & M -Gardening Exp,sbk_group.account_group_main_8,account.data_account_type_expenses,account_arabic_coa_sbk_prea_abu_dhabi,FALSE,
account_account_sbk_prea_abu_dhabi_129,607021,R & M-Maintnanc Share Exp,sbk_group.account_group_main_8,account.data_account_type_expenses,account_arabic_coa_sbk_prea_abu_dhabi,FALSE,
account_account_sbk_prea_abu_dhabi_130,607022,R & M - Others,sbk_group.account_group_main_8,account.data_account_type_expenses,account_arabic_coa_sbk_prea_abu_dhabi,FALSE,
account_account_sbk_prea_abu_dhabi_131,607023,Registration Fee,sbk_group.account_group_main_8,account.data_account_type_expenses,account_arabic_coa_sbk_prea_abu_dhabi,FALSE,
account_account_sbk_prea_abu_dhabi_132,607024,R & M - General Maintenance,sbk_group.account_group_main_8,account.data_account_type_expenses,account_arabic_coa_sbk_prea_abu_dhabi,FALSE,
account_account_sbk_prea_abu_dhabi_133,607025,New Kitchens,sbk_group.account_group_main_8,account.data_account_type_expenses,account_arabic_coa_sbk_prea_abu_dhabi,FALSE,
account_account_sbk_prea_abu_dhabi_134,607601,Property Insurance,sbk_group.account_group_main_8,account.data_account_type_expenses,account_arabic_coa_sbk_prea_abu_dhabi,FALSE,
account_account_sbk_prea_abu_dhabi_135,607602,Fire Insurance,sbk_group.account_group_main_8,account.data_account_type_expenses,account_arabic_coa_sbk_prea_abu_dhabi,FALSE,
account_account_sbk_prea_abu_dhabi_136,607603,Other Insurance,sbk_group.account_group_main_8,account.data_account_type_expenses,account_arabic_coa_sbk_prea_abu_dhabi,FALSE,
account_account_sbk_prea_abu_dhabi_137,608201,Vehicle Expense - Petrol,sbk_group.account_group_main_8,account.data_account_type_expenses,account_arabic_coa_sbk_prea_abu_dhabi,FALSE,
account_account_sbk_prea_abu_dhabi_138,608202,Vehicle Expense - Registration Fee,sbk_group.account_group_main_8,account.data_account_type_expenses,account_arabic_coa_sbk_prea_abu_dhabi,FALSE,
account_account_sbk_prea_abu_dhabi_139,608203,Vehicle Expense - Maintenance,sbk_group.account_group_main_8,account.data_account_type_expenses,account_arabic_coa_sbk_prea_abu_dhabi,FALSE,
account_account_sbk_prea_abu_dhabi_140,608204,Vehicle Exp- Parking,sbk_group.account_group_main_8,account.data_account_type_expenses,account_arabic_coa_sbk_prea_abu_dhabi,FALSE,
account_account_sbk_prea_abu_dhabi_141,608205,Vehicle Exp- Fines,sbk_group.account_group_main_8,account.data_account_type_expenses,account_arabic_coa_sbk_prea_abu_dhabi,FALSE,
account_account_sbk_prea_abu_dhabi_142,608206,Vehicle Exp- Insurance,sbk_group.account_group_main_8,account.data_account_type_expenses,account_arabic_coa_sbk_prea_abu_dhabi,FALSE,
account_account_sbk_prea_abu_dhabi_143,608207,Vehicle Exp,sbk_group.account_group_main_8,account.data_account_type_expenses,account_arabic_coa_sbk_prea_abu_dhabi,FALSE,
account_account_sbk_prea_abu_dhabi_144,608801,Tele - Telephone,sbk_group.account_group_main_8,account.data_account_type_expenses,account_arabic_coa_sbk_prea_abu_dhabi,FALSE,
account_account_sbk_prea_abu_dhabi_145,608802,Tele - Fax,sbk_group.account_group_main_8,account.data_account_type_expenses,account_arabic_coa_sbk_prea_abu_dhabi,FALSE,
account_account_sbk_prea_abu_dhabi_146,608803,Tele - Mobile,sbk_group.account_group_main_8,account.data_account_type_expenses,account_arabic_coa_sbk_prea_abu_dhabi,FALSE,
account_account_sbk_prea_abu_dhabi_147,608804,Tele - Lan Line,sbk_group.account_group_main_8,account.data_account_type_expenses,account_arabic_coa_sbk_prea_abu_dhabi,FALSE,
account_account_sbk_prea_abu_dhabi_148,608805,Tele - Internet,sbk_group.account_group_main_8,account.data_account_type_expenses,account_arabic_coa_sbk_prea_abu_dhabi,FALSE,
account_account_sbk_prea_abu_dhabi_149,608806,Tele - Postage,sbk_group.account_group_main_8,account.data_account_type_expenses,account_arabic_coa_sbk_prea_abu_dhabi,FALSE,
account_account_sbk_prea_abu_dhabi_150,625450,Advertising Expenses,sbk_group.account_group_main_8,account.data_account_type_expenses,account_arabic_coa_sbk_prea_abu_dhabi,FALSE,
account_account_sbk_prea_abu_dhabi_151,625500,Cleaning Expenses,sbk_group.account_group_main_8,account.data_account_type_expenses,account_arabic_coa_sbk_prea_abu_dhabi,FALSE,
account_account_sbk_prea_abu_dhabi_152,625550,Security Services,sbk_group.account_group_main_8,account.data_account_type_expenses,account_arabic_coa_sbk_prea_abu_dhabi,FALSE,
account_account_sbk_prea_abu_dhabi_153,625600,Transportaion Expense,sbk_group.account_group_main_8,account.data_account_type_expenses,account_arabic_coa_sbk_prea_abu_dhabi,FALSE,
account_account_sbk_prea_abu_dhabi_154,625750,Legal Expense- Charges,sbk_group.account_group_main_8,account.data_account_type_expenses,account_arabic_coa_sbk_prea_abu_dhabi,FALSE,
account_account_sbk_prea_abu_dhabi_155,625800,Legal Expense- Court,sbk_group.account_group_main_8,account.data_account_type_expenses,account_arabic_coa_sbk_prea_abu_dhabi,FALSE,
account_account_sbk_prea_abu_dhabi_156,625850,Consultancies Charge,sbk_group.account_group_main_8,account.data_account_type_expenses,account_arabic_coa_sbk_prea_abu_dhabi,FALSE,
account_account_sbk_prea_abu_dhabi_157,625900,Audit Charge,sbk_group.account_group_main_8,account.data_account_type_expenses,account_arabic_coa_sbk_prea_abu_dhabi,FALSE,
account_account_sbk_prea_abu_dhabi_158,625950,Printing & Stationery,sbk_group.account_group_main_8,account.data_account_type_expenses,account_arabic_coa_sbk_prea_abu_dhabi,FALSE,
account_account_sbk_prea_abu_dhabi_159,626000,Newspaper & Magazines,sbk_group.account_group_main_8,account.data_account_type_expenses,account_arabic_coa_sbk_prea_abu_dhabi,FALSE,
account_account_sbk_prea_abu_dhabi_160,626050,Cantine Expense,sbk_group.account_group_main_8,account.data_account_type_expenses,account_arabic_coa_sbk_prea_abu_dhabi,FALSE,
account_account_sbk_prea_abu_dhabi_161,626100,Bank Charges,sbk_group.account_group_main_8,account.data_account_type_expenses,account_arabic_coa_sbk_prea_abu_dhabi,FALSE,
account_account_sbk_prea_abu_dhabi_162,626150,Government Fee Tawtheque Fees,sbk_group.account_group_main_8,account.data_account_type_expenses,account_arabic_coa_sbk_prea_abu_dhabi,FALSE,
account_account_sbk_prea_abu_dhabi_163,626200,Pest Control & Cleaning Expenses,sbk_group.account_group_main_8,account.data_account_type_expenses,account_arabic_coa_sbk_prea_abu_dhabi,FALSE,
account_account_sbk_prea_abu_dhabi_164,626250,Labour Accomodation&Charge,sbk_group.account_group_main_8,account.data_account_type_expenses,account_arabic_coa_sbk_prea_abu_dhabi,FALSE,
account_account_sbk_prea_abu_dhabi_165,626300,Labour Uniform,sbk_group.account_group_main_8,account.data_account_type_expenses,account_arabic_coa_sbk_prea_abu_dhabi,FALSE,
account_account_sbk_prea_abu_dhabi_166,626350,"Entertainment and Chrity, Dntn",sbk_group.account_group_main_8,account.data_account_type_expenses,account_arabic_coa_sbk_prea_abu_dhabi,FALSE,
account_account_sbk_prea_abu_dhabi_167,626850,Commission On Sale Of Land,sbk_group.account_group_main_8,account.data_account_type_expenses,account_arabic_coa_sbk_prea_abu_dhabi,FALSE,
account_account_sbk_prea_abu_dhabi_168,626900,Labour Tools - Maint,sbk_group.account_group_main_8,account.data_account_type_expenses,account_arabic_coa_sbk_prea_abu_dhabi,FALSE,
account_account_sbk_prea_abu_dhabi_169,628050,Miscellaneous,sbk_group.account_group_main_8,account.data_account_type_expenses,account_arabic_coa_sbk_prea_abu_dhabi,FALSE,
account_account_sbk_prea_abu_dhabi_170,628060,IT - Expenses,sbk_group.account_group_main_8,account.data_account_type_expenses,account_arabic_coa_sbk_prea_abu_dhabi,FALSE,
account_account_sbk_prea_abu_dhabi_171,629001,Head Office Rent,sbk_group.account_group_main_8,account.data_account_type_expenses,account_arabic_coa_sbk_prea_abu_dhabi,FALSE,
account_account_sbk_prea_abu_dhabi_172,629020,Stores Rent,sbk_group.account_group_main_8,account.data_account_type_expenses,account_arabic_coa_sbk_prea_abu_dhabi,FALSE,
account_account_sbk_prea_abu_dhabi_173,629023,Staff Rent,sbk_group.account_group_main_8,account.data_account_type_expenses,account_arabic_coa_sbk_prea_abu_dhabi,FALSE,
account_account_sbk_prea_abu_dhabi_174,637201,Dep. - Equipment,sbk_group.account_group_main_8,account.data_account_type_expenses,account_arabic_coa_sbk_prea_abu_dhabi,FALSE,
account_account_sbk_prea_abu_dhabi_175,637204,Dep. - Vehicle,sbk_group.account_group_main_8,account.data_account_type_expenses,account_arabic_coa_sbk_prea_abu_dhabi,FALSE,
account_account_sbk_prea_abu_dhabi_176,638001,Cost Of Sales Account,sbk_group.account_group_main_8,account.data_account_type_expenses,account_arabic_coa_sbk_prea_abu_dhabi,FALSE,
account_account_sbk_prea_abu_dhabi_177,639000,PREA New Office ,sbk_group.account_group_main_8,account.data_account_type_expenses,account_arabic_coa_sbk_prea_abu_dhabi,FALSE,
account_account_sbk_prea_abu_dhabi_178,VATIN,VAT Charged,sbk_group.account_group_sub1_17,account.data_account_type_current_assets,account_arabic_coa_sbk_prea_abu_dhabi,FALSE,
account_account_sbk_prea_abu_dhabi_179,VATOUT,VAT Paid,sbk_group.account_group_sub1_17,account.data_account_type_current_assets,account_arabic_coa_sbk_prea_abu_dhabi,FALSE,
